Transportation,19544.085938
Accomodation,453390,680085,906780,1511300
Make-up,450516.125000,675774.187500,901032.250000,1501720.375000
Food and water,169597.406250,254396.125000,339194.812500,565324.687500
Rent for space,643870.967742,869247.311828,1287741.935484,2146236.559140
